positive,negative,neutral,accuracy,total,month
0.566118656,0.24803431,0.185847034,0.4131522516108,2799,September
