positive,negative,neutral,accuracy,total,month
63.90278770550393,20.657612580414582,15.439599714081487,0.4653323802716226,2798,September
